,Unnamed: 0,userId,Action,Adventure,Animation,Children,Comedy,Crime,Documentary,Drama,Fantasy,Film-Noir,Horror,IMAX,Musical,Mystery,Romance,Sci-Fi,Thriller,War,Western
0,0,1,True,True,True,True,True,True,False,True,True,False,False,False,False,False,False,True,True,False,False
1,1,5,False,False,False,True,True,True,False,True,False,False,False,False,False,False,True,False,True,False,False
2,2,7,True,True,False,False,True,True,False,True,True,False,False,False,False,False,True,True,True,False,False
3,3,17,True,True,False,False,True,True,False,True,True,False,False,False,False,False,False,True,True,False,False
4,4,18,True,True,False,False,True,True,False,True,False,False,False,False,False,False,False,True,True,False,False
5,5,19,True,True,False,False,True,False,False,True,False,False,False,False,False,False,True,True,True,False,False
6,6,21,True,True,False,False,True,False,False,True,False,False,False,False,False,False,False,True,True,False,False
7,7,27,True,True,True,True,True,False,False,True,True,False,False,False,False,False,True,True,False,False,False
8,8,31,True,True,False,True,True,False,False,True,True,False,False,False,False,False,True,True,True,False,False
9,9,32,True,True,False,False,True,True,False,True,False,False,False,False,False,False,True,False,True,False,False
10,10,33,False,False,False,False,True,False,False,True,False,False,False,False,False,False,True,False,False,False,False
11,11,40,True,True,False,True,True,False,False,True,False,False,False,False,False,False,True,False,True,False,False
12,12,43,True,True,False,True,True,True,False,True,True,False,False,False,False,False,True,True,True,False,False
13,13,44,True,True,False,False,True,False,False,True,False,False,False,False,False,False,True,True,True,False,False
14,14,45,True,True,False,False,True,False,False,True,False,False,False,False,False,False,True,True,True,False,False
15,15,46,True,True,False,False,True,True,False,True,False,False,False,False,False,False,True,True,True,False,False
16,16,50,True,True,True,False,True,True,False,True,True,False,False,False,False,False,False,False,True,False,False
17,17,54,True,True,False,False,True,True,False,True,False,False,False,False,False,False,True,False,True,False,False
18,18,57,True,True,False,False,True,True,False,True,False,False,False,False,False,False,True,True,True,False,False
19,19,63,True,True,True,False,True,True,False,True,True,False,False,False,False,False,False,True,True,False,False
20,20,64,True,True,False,False,True,True,False,True,False,False,False,False,False,False,True,False,True,False,False
21,21,66,True,True,False,False,True,True,False,True,False,False,False,False,False,False,True,False,True,False,False
22,22,71,True,True,False,False,True,False,False,False,False,False,False,False,False,False,True,True,True,False,False
23,23,73,True,True,False,False,True,False,False,True,False,False,False,False,False,False,True,True,False,False,False
24,24,78,True,True,False,False,True,True,False,False,False,False,False,False,False,False,False,True,True,False,False
25,25,86,True,True,True,True,True,True,False,True,True,False,False,False,False,False,True,True,True,False,False
26,26,89,False,False,False,False,True,False,False,False,False,False,False,False,False,False,False,False,False,False,False
27,27,90,False,False,False,False,True,False,False,True,False,False,False,False,False,False,True,False,False,False,False
28,28,91,True,True,False,False,True,True,False,True,True,False,True,False,False,False,False,True,True,False,False
29,29,93,True,True,False,True,True,False,False,True,True,False,False,False,False,False,True,True,True,False,False
30,30,96,True,True,False,False,True,True,False,True,False,False,False,False,False,False,False,True,True,False,False
31,31,98,True,True,True,True,True,False,False,True,True,False,True,False,False,False,True,True,True,False,False
32,32,103,True,True,True,True,True,True,False,True,True,False,False,False,False,False,True,False,True,False,False
33,33,107,True,True,False,False,True,True,False,True,False,False,False,False,False,False,False,False,True,False,False
34,34,112,True,True,False,False,True,True,False,True,False,False,False,False,False,False,False,True,True,False,False
35,35,119,True,True,True,False,True,True,False,True,False,False,False,False,False,False,False,True,True,False,False
36,36,121,True,True,False,False,True,True,False,True,False,False,False,False,False,False,True,False,True,False,False
37,37,124,True,True,False,False,True,True,False,True,False,False,False,False,False,False,True,True,True,False,False
38,38,130,True,True,False,False,True,True,False,True,False,False,False,False,False,False,False,True,True,False,False
39,39,134,True,True,True,True,True,True,False,True,False,False,False,False,False,False,True,True,True,False,False
40,40,135,True,True,False,False,True,True,False,True,True,False,False,False,False,False,False,True,True,False,False
41,41,137,True,True,False,False,True,False,False,True,False,False,False,False,False,False,True,True,True,False,False
42,42,140,True,True,False,False,True,True,False,True,False,False,False,False,False,False,True,False,True,False,False
43,43,141,True,True,False,False,True,False,False,True,True,False,False,False,False,False,False,True,True,False,False
44,44,144,True,True,False,True,True,True,False,True,True,False,False,False,False,False,True,False,True,False,False
45,45,145,True,True,True,True,True,True,False,True,False,False,False,False,False,False,True,True,True,False,False
46,46,151,False,True,False,True,True,False,False,True,True,False,False,False,False,False,False,False,True,False,False
47,47,155,True,True,False,True,True,False,False,False,False,False,False,False,False,False,False,True,False,False,False
48,48,156,False,False,False,False,True,True,False,True,False,False,False,False,False,False,True,False,False,False,False
49,49,159,False,True,True,False,True,False,False,True,True,False,False,False,False,False,True,False,False,False,False
50,50,160,True,True,False,False,True,True,False,True,True,False,False,False,False,False,False,True,True,False,False
51,51,161,False,True,True,True,True,False,False,True,True,False,False,False,True,False,True,False,False,False,False
52,52,166,True,True,False,False,True,True,False,True,True,False,False,False,False,False,True,True,True,False,False
53,53,167,True,True,True,True,True,False,False,True,True,False,False,False,False,False,False,True,False,False,False
54,54,169,False,True,False,True,True,False,False,True,False,False,False,False,True,False,True,False,False,False,False
55,55,171,True,True,False,True,True,True,False,True,True,False,False,False,False,False,False,False,True,False,False
56,56,177,True,True,False,True,True,True,False,True,True,False,False,False,False,False,True,False,True,False,False
57,57,178,True,True,False,False,True,True,False,True,False,False,False,False,False,False,True,False,True,False,False
58,58,179,True,True,False,False,True,True,False,True,False,False,False,False,False,False,True,True,True,False,False
59,59,182,True,False,False,False,True,True,False,True,False,False,False,False,False,False,True,False,True,False,False
60,60,185,False,True,True,True,True,False,False,True,True,False,False,False,True,False,True,False,True,False,False
61,61,186,True,True,False,True,True,False,False,True,True,False,False,False,False,False,True,True,True,False,False
62,62,191,False,False,False,False,True,False,False,True,False,False,False,False,False,False,True,False,True,False,False
63,63,200,True,True,False,False,True,False,False,True,False,False,False,False,False,False,True,False,True,False,False
64,64,201,True,True,False,False,True,False,False,True,False,False,False,False,False,False,True,True,True,False,False
65,65,202,True,True,False,False,True,False,False,True,False,False,False,False,False,False,True,False,True,False,False
66,66,206,True,True,False,True,True,False,False,True,False,False,False,False,False,False,True,False,True,False,False
67,67,213,True,True,False,False,True,False,False,True,True,False,True,False,False,False,False,True,True,False,False
68,68,214,True,True,False,True,True,False,False,True,True,False,False,False,False,False,True,True,True,False,False
69,69,216,False,False,False,False,True,False,False,True,False,False,False,False,False,False,True,False,False,False,False
70,70,217,True,True,False,True,True,True,False,True,False,False,False,False,False,False,False,True,True,False,False
71,71,219,True,True,False,False,True,True,False,True,False,False,False,False,False,False,False,True,True,False,False
72,72,220,True,True,False,False,True,True,False,True,False,False,False,False,False,False,False,True,True,False,False
73,73,223,True,True,True,True,True,True,False,True,True,False,False,False,False,False,True,True,True,False,False
74,74,226,True,True,False,False,True,False,False,True,False,False,False,False,False,False,False,False,True,False,False
75,75,229,True,True,False,False,True,True,False,True,False,False,False,False,False,False,True,False,True,False,False
76,76,232,True,True,False,False,True,True,False,True,False,False,False,False,False,False,True,True,True,False,False
77,77,233,True,True,False,False,True,True,False,True,False,False,False,False,False,False,False,False,True,False,False
78,78,234,True,True,True,True,True,False,False,True,True,False,False,False,False,False,False,True,True,False,False
79,79,239,True,True,False,False,True,True,False,True,False,False,False,False,False,False,True,True,True,False,False
80,80,240,True,True,False,True,True,False,False,True,True,False,False,False,False,False,True,True,True,False,False
81,81,247,True,True,True,True,True,True,False,True,True,False,False,True,False,False,False,True,True,False,False
82,82,249,True,True,False,False,True,True,False,True,False,False,False,False,False,False,False,True,True,False,False
83,83,252,True,True,True,True,True,False,False,True,True,False,False,False,False,False,False,True,False,False,False
84,84,254,True,True,False,False,True,True,False,True,False,False,False,False,False,True,False,True,True,False,False
85,85,263,True,True,False,False,True,False,False,True,False,False,False,False,False,False,True,False,False,False,False
86,86,264,True,True,True,True,True,False,False,True,True,False,False,False,False,False,True,True,True,False,False
87,87,269,True,True,False,True,True,True,False,True,False,False,False,False,False,False,True,False,True,False,False
88,88,270,True,True,False,False,True,True,False,True,False,False,False,False,False,False,True,False,True,False,False
89,89,273,False,False,False,False,True,False,False,True,False,False,False,False,False,False,True,False,True,False,False
90,90,274,True,True,False,True,True,True,False,True,True,False,True,False,False,False,False,True,True,False,False
91,91,275,False,False,False,False,True,True,False,True,False,False,False,False,False,False,True,False,True,False,False
92,92,276,True,True,False,True,True,False,False,False,False,False,False,False,False,False,False,True,False,False,False
93,93,277,True,True,False,False,True,False,False,False,True,False,False,False,False,False,False,True,True,False,False
94,94,279,True,True,False,False,True,True,False,True,False,False,False,False,False,False,False,True,True,False,False
95,95,280,False,False,False,False,True,False,False,True,False,False,False,False,False,False,True,False,False,False,False
96,96,282,True,True,False,False,True,True,False,True,False,False,False,False,False,False,True,False,True,False,False
97,97,283,True,False,False,False,True,False,False,True,False,False,False,False,False,False,True,False,False,False,False
98,98,288,True,True,False,True,True,False,False,True,False,False,False,False,False,False,True,True,True,False,False
99,99,290,False,False,False,False,True,False,False,True,False,False,False,False,False,False,False,False,True,False,False
100,100,291,True,True,False,False,False,False,False,False,True,False,False,True,False,False,False,True,False,False,False
101,101,292,True,True,False,True,True,False,False,True,False,False,False,False,False,False,False,True,True,False,False
102,102,293,True,True,False,False,True,True,False,True,False,False,False,False,False,False,True,True,True,False,False
103,103,304,True,True,False,False,True,True,False,True,False,False,False,False,False,False,True,True,True,False,False
104,104,307,True,True,False,False,True,True,False,True,False,False,False,False,False,False,True,False,True,False,False
105,105,314,True,True,False,True,True,True,False,True,True,False,False,False,False,False,True,True,True,False,False
106,106,322,True,True,False,False,True,True,False,True,False,False,False,False,False,False,True,False,True,False,False
107,107,323,True,True,False,False,True,True,False,True,False,False,False,False,False,False,True,True,True,False,False
108,108,328,True,True,True,True,True,True,False,True,True,False,False,False,False,False,True,True,True,False,False
109,109,330,True,True,False,False,True,True,False,True,True,False,False,False,False,False,True,True,True,False,False
110,110,332,True,True,False,False,True,True,False,True,False,False,False,False,False,False,False,True,True,False,False
111,111,334,True,True,True,True,True,False,False,True,True,False,False,False,False,False,True,True,True,False,False
112,112,336,True,False,False,False,True,True,False,True,False,False,False,False,False,False,True,False,True,False,False
113,113,337,True,True,False,False,True,True,False,True,False,False,False,False,False,False,True,False,True,False,False
114,114,339,True,True,False,False,True,False,False,True,False,False,False,False,False,False,False,False,True,False,False
115,115,341,True,True,False,False,True,False,False,False,False,False,False,False,False,False,False,False,False,False,False
116,116,347,True,True,False,True,True,False,False,True,False,False,False,False,False,False,True,True,True,False,False
117,117,350,True,True,False,False,True,False,False,True,True,False,False,False,False,False,True,True,True,False,False
118,118,353,True,True,False,False,True,True,False,True,False,False,False,False,False,False,True,False,True,False,False
119,119,357,False,True,False,False,True,False,False,True,True,False,False,False,False,False,True,False,True,False,False
120,120,359,True,True,False,False,True,False,False,True,False,False,False,False,False,False,True,True,True,False,False
121,121,364,True,True,False,False,False,False,False,True,False,False,False,False,False,False,False,True,True,False,False
122,122,367,False,True,False,False,True,False,False,True,False,False,False,False,False,False,True,False,False,False,False
123,123,372,True,True,False,False,True,True,False,True,False,False,False,False,False,False,True,False,True,False,False
124,124,373,True,True,False,True,True,True,False,True,False,False,False,False,False,False,True,False,True,False,False
125,125,378,True,True,False,False,False,True,False,True,False,False,False,True,False,False,False,False,True,False,False
126,126,380,True,True,False,False,True,True,False,True,True,False,True,False,False,False,False,True,True,False,False
127,127,381,True,True,True,True,True,False,False,True,True,False,False,False,False,False,True,True,True,False,False
128,128,382,True,True,False,True,True,False,False,True,True,False,False,False,False,False,True,True,True,False,False
129,129,385,True,True,False,True,True,True,False,True,False,False,False,False,False,False,True,True,True,False,False
130,130,389,True,True,False,False,True,True,False,True,False,False,False,False,False,False,True,True,True,False,False
131,131,391,True,True,False,False,True,True,False,True,False,False,False,False,False,False,True,False,True,False,False
132,132,396,False,True,True,True,True,True,False,True,True,False,False,False,False,False,True,False,True,False,False
133,133,399,True,True,True,True,True,False,False,True,True,False,False,False,False,False,False,True,True,False,False
134,134,401,True,True,True,True,True,False,False,False,True,False,False,False,False,False,True,False,False,False,False
135,135,411,True,True,False,False,True,False,False,True,False,False,False,False,False,False,True,False,True,False,False
136,136,414,True,True,False,False,True,True,False,True,False,False,False,False,False,False,True,False,True,False,False
137,137,420,True,True,False,False,True,False,False,True,True,False,True,False,False,False,True,True,True,False,False
138,138,422,True,False,False,False,True,False,False,True,False,False,False,False,False,False,False,False,True,False,False
139,139,434,True,True,False,False,True,True,False,True,False,False,False,False,False,False,False,True,True,False,False
140,140,436,True,True,False,True,True,False,False,True,False,False,False,False,False,False,True,False,True,False,False
141,141,438,True,True,False,False,True,True,False,True,False,False,False,False,False,False,True,True,True,False,False
142,142,443,True,True,False,False,True,True,False,True,True,False,False,False,False,False,True,True,True,False,False
143,143,448,True,True,False,False,True,True,False,True,False,False,False,False,False,False,False,False,True,False,False
144,144,451,True,True,False,False,True,False,False,True,False,False,False,False,False,False,True,False,True,False,False
145,145,453,True,True,False,False,True,True,False,True,False,False,False,False,False,False,True,False,True,False,False
146,146,456,True,True,False,True,True,False,False,True,True,False,False,False,False,False,True,False,True,False,False
147,147,460,True,True,False,True,True,True,False,True,True,False,False,False,False,False,True,True,True,False,False
148,148,468,True,True,False,True,True,True,False,True,True,False,False,False,False,False,True,False,True,False,False
149,149,469,True,True,False,False,True,True,False,True,False,False,False,False,False,False,True,True,True,False,False
150,150,470,True,True,False,False,True,True,False,True,False,False,False,False,False,False,True,False,True,False,False
151,151,471,True,True,True,True,True,True,False,True,True,False,False,False,False,False,True,True,True,True,False
152,152,474,False,False,False,False,True,False,False,True,False,False,False,False,False,False,True,False,False,False,False
153,153,476,True,True,True,True,True,False,False,True,False,False,False,False,False,False,True,False,True,False,False
154,154,477,True,True,True,True,True,False,False,True,True,False,False,False,False,False,False,True,True,False,False
155,155,480,True,True,False,False,True,True,False,True,False,False,False,False,False,False,True,False,True,False,False
156,156,483,True,True,False,False,True,True,False,True,True,False,False,False,False,False,True,True,True,False,False
157,157,484,False,False,False,False,True,False,False,True,False,False,False,False,False,False,True,False,False,False,False
158,158,488,False,True,False,False,True,False,False,True,True,False,False,False,False,False,True,False,False,False,False
159,159,490,True,True,False,False,True,False,False,True,False,False,False,False,False,False,True,False,True,False,False
160,160,492,True,True,False,False,True,False,False,True,False,False,False,False,False,False,False,False,True,False,False
161,161,500,False,True,True,True,True,False,False,True,False,False,False,False,False,False,True,False,False,False,False
162,162,504,False,False,False,False,True,True,False,True,False,False,False,False,False,False,True,False,False,False,False
163,163,509,True,True,True,True,True,False,False,True,True,False,False,False,False,False,True,True,False,False,False
164,164,514,True,True,False,False,True,True,False,True,False,False,True,False,False,False,True,True,True,False,False
165,165,517,False,True,True,True,True,False,False,True,True,False,False,False,True,False,True,False,False,False,False
166,166,522,True,True,False,False,True,True,False,True,False,False,False,False,False,False,False,True,True,False,False
167,167,524,True,True,False,False,True,False,False,True,False,False,False,False,False,False,False,True,True,False,False
168,168,525,True,True,True,True,True,False,False,True,True,False,False,False,False,False,True,True,True,False,False
169,169,529,True,True,False,True,True,False,False,False,True,False,False,False,False,False,False,True,True,False,False
170,170,533,True,True,False,False,True,False,False,True,False,False,True,False,False,False,False,True,True,False,False
171,171,534,True,True,True,True,True,False,False,True,True,False,False,False,False,False,False,True,True,False,False
172,172,541,True,True,True,True,True,True,False,True,False,False,False,False,False,False,True,False,True,False,False
173,173,544,True,True,False,False,True,False,False,True,False,False,False,False,False,False,True,True,True,False,False
174,174,550,True,True,False,False,True,True,False,True,False,False,False,True,False,False,False,True,True,False,False
175,175,555,True,True,False,False,True,False,False,True,False,False,False,False,False,False,True,True,True,False,False
176,176,559,True,True,False,True,True,True,False,True,True,False,False,False,False,False,True,True,True,False,False
177,177,560,True,True,False,False,True,True,False,True,False,False,False,False,False,False,True,True,True,False,False
178,178,561,True,True,False,False,True,True,False,True,True,False,False,False,False,False,False,True,True,False,False
179,179,562,True,True,False,False,True,True,False,True,False,False,True,False,False,False,True,True,True,False,False
180,180,567,True,True,False,False,True,False,False,True,False,False,False,False,False,False,False,True,True,False,False
181,181,570,True,True,False,False,True,True,False,True,False,False,False,False,False,False,True,True,True,False,False
182,182,572,True,True,False,False,True,False,False,True,False,False,False,False,False,False,True,False,True,False,False
183,183,573,True,True,False,False,True,True,False,True,False,False,False,False,False,False,False,True,True,False,False
184,184,579,True,True,True,True,True,False,False,True,False,False,False,False,True,False,True,True,True,False,False
185,185,580,True,True,False,False,True,True,False,True,False,False,False,False,False,False,True,True,True,False,False
186,186,584,True,True,False,True,True,True,False,True,False,False,False,False,False,False,True,True,True,False,False
187,187,587,False,False,False,False,True,False,False,True,False,False,False,False,False,False,True,False,False,False,False
188,188,590,True,True,False,False,True,True,False,True,False,False,False,False,False,False,True,True,True,False,False
189,189,596,True,True,True,False,True,True,False,True,True,False,False,False,False,False,True,True,True,False,False
190,190,597,True,True,False,False,True,True,False,True,False,False,False,False,False,False,True,False,True,False,False
191,191,599,True,True,False,False,True,True,False,True,False,False,False,False,False,False,False,True,True,False,False
192,192,601,True,True,True,True,True,True,False,True,True,False,False,False,False,False,True,True,True,False,False
193,193,603,False,False,False,False,True,False,False,True,False,False,False,False,False,False,True,False,True,False,False
194,194,604,True,True,False,True,True,True,False,True,True,False,True,False,False,False,True,True,True,False,False
195,195,605,True,True,False,True,True,False,False,True,True,False,False,False,False,False,True,False,False,False,False
196,196,607,True,True,False,False,True,True,False,True,False,False,True,False,False,False,True,True,True,False,False
197,197,609,True,True,False,False,True,True,False,True,False,False,False,False,False,False,False,False,True,False,False
198,198,610,True,True,False,False,True,True,False,True,False,False,True,False,False,False,False,True,True,False,False
199,199,6,True,True,False,True,True,False,False,True,False,False,False,False,False,False,True,False,True,False,False
200,200,8,True,True,False,False,True,True,False,True,False,False,False,False,False,False,True,False,True,False,False
201,201,20,False,True,True,True,True,False,False,True,True,False,False,False,True,False,True,False,False,False,False
202,202,51,True,True,False,False,True,False,False,True,False,False,False,False,False,False,True,True,True,False,False
203,203,62,True,True,False,False,True,True,False,True,True,False,False,False,False,False,False,True,True,False,False
204,204,82,True,True,False,False,True,True,False,True,False,False,False,False,False,False,False,True,True,False,False
205,205,94,True,True,False,True,True,True,False,True,False,False,False,False,False,False,True,True,True,False,False
206,206,104,False,True,False,True,True,False,False,True,False,False,False,False,False,False,True,False,False,False,False
207,207,117,True,True,False,True,True,True,False,True,False,False,False,False,False,False,True,False,True,False,False
208,208,122,True,True,False,False,True,True,False,True,False,False,True,False,False,False,False,True,True,False,False
209,209,125,True,True,False,False,True,True,False,True,False,False,False,False,False,False,True,True,True,False,False
210,210,221,False,False,False,False,True,True,False,True,False,False,False,False,False,False,False,False,True,False,False
211,211,284,True,True,False,False,True,False,False,False,False,False,False,False,False,False,True,False,True,False,False
212,212,294,True,True,False,False,True,False,False,True,False,False,False,False,False,False,False,False,False,False,False
213,213,299,True,True,False,False,False,False,False,True,False,False,True,False,False,False,False,True,True,False,False
214,214,305,True,True,False,False,True,True,False,True,False,False,False,False,False,False,False,True,True,False,False
215,215,308,True,True,True,True,True,False,False,True,True,False,False,True,False,False,True,False,False,False,False
216,216,318,True,True,False,False,True,True,False,True,False,False,False,False,False,False,False,True,True,False,False
217,217,321,True,True,False,False,True,False,False,True,False,False,False,False,False,False,True,True,True,False,False
218,218,395,True,True,True,True,True,True,False,True,True,False,False,False,False,False,True,True,True,False,False
219,219,425,True,True,False,False,True,True,False,True,False,False,False,False,False,False,True,True,True,False,False
220,220,426,False,True,True,True,True,False,False,True,True,False,False,True,False,False,True,False,False,False,False
221,221,432,True,True,False,False,False,True,False,True,False,False,False,False,False,False,True,True,True,False,False
222,222,446,True,True,False,False,True,True,False,True,False,False,False,False,False,False,True,True,True,False,False
223,223,447,True,True,False,True,True,True,False,True,False,False,False,False,False,False,True,False,True,False,False
224,224,458,True,True,False,False,True,False,False,True,False,False,False,False,False,False,True,False,True,False,False
225,225,475,True,True,False,False,True,False,False,False,True,False,False,True,False,False,False,True,True,False,False
226,226,482,True,True,False,False,True,False,False,True,False,False,False,False,False,False,True,True,True,False,False
227,227,501,True,True,False,False,True,True,False,True,False,False,False,False,False,False,True,False,True,False,False
228,228,512,True,True,False,False,True,True,False,True,False,False,False,False,False,False,True,True,True,False,False
229,229,523,True,True,True,True,True,True,False,True,True,False,False,False,False,False,True,True,True,False,False
230,230,527,True,True,False,True,True,False,False,True,True,False,False,False,False,False,False,True,True,False,False
231,231,566,True,True,False,False,True,False,False,True,False,False,False,False,False,False,True,True,True,False,False
232,232,586,True,True,True,True,True,False,False,True,True,False,False,True,False,False,False,True,True,False,False
233,233,592,True,True,False,False,True,True,False,True,True,False,False,False,False,False,True,True,True,False,False
234,234,594,True,True,False,False,True,False,False,True,False,False,False,False,False,False,True,True,True,False,False
235,235,600,False,True,False,False,True,False,False,True,True,False,False,False,False,False,True,False,False,False,False
236,236,602,True,True,False,False,True,True,False,True,False,False,False,False,False,False,True,False,True,False,False
237,237,42,True,True,False,False,True,True,False,True,False,False,False,False,False,False,True,False,True,False,False
238,238,58,True,True,False,False,True,True,False,True,False,False,False,False,False,False,True,False,True,False,False
239,239,100,True,False,False,False,True,False,False,True,False,False,False,False,False,False,True,False,False,False,False
240,240,102,True,True,False,False,True,True,False,True,False,False,False,False,False,False,True,False,True,False,False
241,241,116,True,True,False,False,True,False,False,True,False,False,False,False,False,False,True,True,True,False,False
242,242,150,True,True,False,False,True,False,False,True,False,False,False,False,False,False,True,False,True,False,False
243,243,302,True,True,False,False,True,True,False,True,False,False,False,False,False,False,True,True,True,False,False
244,244,368,True,True,False,False,True,True,False,True,False,False,False,False,False,False,False,True,True,False,False
245,245,410,False,False,False,False,True,True,False,True,False,False,False,False,False,False,True,False,False,False,False
246,246,588,True,True,False,False,True,True,False,True,False,False,False,False,False,False,False,False,True,False,False
247,247,14,True,True,False,False,True,False,False,True,False,False,False,False,False,False,True,False,True,False,False
248,248,84,False,False,False,False,True,False,False,True,False,False,False,False,False,False,True,False,False,False,False
249,249,162,False,False,False,False,False,False,False,True,False,False,False,False,False,False,True,False,False,False,False
250,250,111,False,False,False,False,True,False,False,False,False,False,False,False,False,False,False,False,False,False,False
251,251,120,True,True,False,True,True,False,False,True,False,False,False,False,False,False,True,True,True,False,False
252,252,147,True,False,False,False,True,True,False,True,False,False,False,False,False,False,True,False,False,False,False
253,253,170,True,True,False,True,True,False,False,True,False,False,False,False,False,False,True,False,True,False,False
254,254,181,True,True,False,False,True,True,False,True,False,False,False,False,False,False,True,False,True,False,False
255,255,402,True,True,False,False,True,True,False,True,False,False,False,False,False,False,True,False,True,False,False
256,256,521,True,True,False,False,True,True,False,True,False,False,False,False,False,False,True,False,True,False,False
257,257,11,True,True,False,False,False,False,False,True,False,False,False,False,False,False,True,False,True,False,False
258,258,23,True,False,False,False,True,True,False,True,False,False,False,False,False,False,False,False,True,False,False
259,259,24,True,True,False,False,True,True,False,True,False,False,False,False,False,False,True,True,True,False,False
260,260,28,True,True,False,False,False,True,False,True,False,False,False,False,False,False,False,True,True,False,False
261,261,68,True,True,False,False,True,True,False,True,False,False,False,False,False,False,True,True,True,False,False
262,262,79,True,True,False,False,True,False,False,True,False,False,False,False,False,False,False,True,True,False,False
263,263,105,True,True,False,False,True,True,False,True,False,False,False,False,False,False,True,False,True,False,False
264,264,109,True,False,False,False,True,True,False,True,False,False,False,False,False,False,True,False,True,False,False
265,265,195,True,False,False,False,True,True,False,True,False,False,False,False,False,False,False,False,True,False,False
266,266,199,True,False,False,False,True,True,False,True,False,False,False,False,False,False,True,False,True,False,False
267,267,244,True,True,False,False,True,False,False,True,False,False,False,False,False,False,False,True,True,True,False
268,268,266,True,True,False,False,True,True,False,True,False,False,False,False,False,False,False,True,True,False,False
269,269,286,True,True,False,False,True,True,False,True,False,False,False,False,False,False,True,False,True,False,False
270,270,297,True,False,False,False,False,True,False,True,False,False,False,False,False,False,False,False,True,False,False
271,271,312,True,True,False,False,True,True,False,True,False,False,True,False,False,True,False,True,True,False,False
272,272,313,True,True,False,False,True,True,False,True,True,False,True,False,False,False,False,True,True,False,False
273,273,317,True,False,False,False,False,True,False,True,False,False,False,False,False,False,False,False,True,False,False
274,274,325,True,True,False,False,True,True,False,True,False,False,False,False,False,False,False,False,True,False,False
275,275,362,True,True,False,False,False,True,False,True,False,False,False,False,False,True,False,True,True,False,False
276,276,386,True,True,False,False,True,True,False,True,False,False,False,False,False,False,False,True,True,False,False
277,277,400,True,True,False,False,False,True,False,True,False,False,False,False,False,False,False,True,True,False,False
278,278,437,True,False,False,False,True,True,False,True,False,False,False,False,False,False,True,False,False,False,False
279,279,444,True,False,False,False,True,True,False,True,False,False,False,False,False,False,True,False,True,False,False
280,280,486,True,True,False,False,True,True,False,True,False,False,False,False,False,False,False,True,True,False,False
281,281,493,True,True,False,False,False,True,False,True,False,False,False,False,False,False,False,False,True,False,False
282,282,532,True,False,False,False,False,True,False,True,False,False,False,False,False,False,False,True,True,False,False
283,283,553,True,False,False,False,True,True,False,True,False,False,False,False,False,False,False,False,True,False,False
284,284,577,True,True,False,False,True,False,False,True,False,False,False,False,False,False,False,True,True,False,False
285,285,95,True,True,False,False,True,True,False,True,False,False,False,False,False,False,True,True,True,False,False
286,286,188,False,False,False,False,True,False,False,True,False,False,False,False,True,True,True,False,True,False,False
287,287,262,False,False,False,False,True,True,False,True,False,False,False,False,False,False,True,False,True,False,False
288,288,489,True,True,False,False,True,True,False,True,True,False,False,False,False,False,True,True,True,False,False
289,289,498,True,True,False,False,True,True,False,True,False,False,False,False,False,False,False,False,True,False,False
290,290,513,True,True,False,False,True,False,False,True,True,False,False,False,False,False,True,True,True,True,False
291,291,26,True,True,False,False,True,True,False,True,False,False,False,False,False,False,False,False,True,False,False
292,292,34,True,True,False,False,True,False,False,True,False,False,False,False,False,False,True,True,True,False,False
293,293,56,True,True,False,False,True,True,False,True,False,False,False,False,False,False,False,True,True,False,False
294,294,59,True,True,False,False,True,False,False,True,False,False,False,False,False,False,True,False,True,True,False
295,295,99,True,True,False,False,True,True,False,True,False,False,False,False,False,False,True,False,True,False,False
296,296,136,True,True,False,False,True,True,False,True,False,False,False,False,False,False,True,True,True,False,False
297,297,173,True,True,False,True,True,False,False,True,False,False,False,False,False,False,True,True,True,False,False
298,298,174,True,True,False,False,True,False,False,True,False,False,False,False,False,False,True,True,True,False,False
299,299,176,True,True,False,False,True,True,False,True,False,False,False,False,False,False,False,False,True,False,False
300,300,192,True,True,False,False,True,True,False,True,False,False,False,False,False,False,False,True,True,False,False
301,301,243,True,True,False,False,True,True,False,True,False,False,False,False,False,False,False,False,True,False,False
302,302,248,True,True,False,False,True,False,False,False,False,False,False,False,False,False,False,True,False,False,False
303,303,301,True,True,False,False,True,True,False,True,False,False,False,False,False,False,True,False,True,False,False
304,304,331,True,True,False,False,True,True,False,True,True,False,False,False,False,False,True,True,True,False,False
305,305,340,True,True,False,False,False,True,False,True,False,False,False,False,False,False,False,True,True,False,False
306,306,349,True,True,False,False,True,True,False,True,False,False,False,False,False,False,True,False,True,False,False
307,307,354,True,True,False,False,True,True,False,True,False,False,False,False,False,False,True,True,True,False,False
308,308,361,True,True,False,False,True,False,False,True,False,False,False,False,False,False,True,False,True,False,False
309,309,376,True,True,False,False,True,True,False,True,False,False,False,False,False,False,False,True,True,False,False
310,310,387,True,True,False,False,True,True,False,True,False,False,False,False,False,False,False,False,True,False,False
311,311,408,True,True,False,False,True,True,False,True,True,False,False,False,False,False,False,True,True,False,False
312,312,419,True,False,False,False,True,True,False,True,False,False,False,False,False,False,False,True,True,False,False
313,313,441,True,True,False,False,True,True,False,True,True,False,False,False,False,False,False,True,True,False,False
314,314,452,True,True,False,False,True,True,False,True,False,False,False,False,False,False,False,True,True,False,False
315,315,462,False,False,False,False,True,True,True,True,False,False,False,False,False,False,False,False,True,False,False
316,316,485,True,True,False,False,True,True,False,True,False,False,False,False,False,False,False,False,True,False,False
317,317,520,True,True,False,False,True,False,False,True,True,False,False,False,False,False,False,True,True,False,False
318,318,531,True,True,False,False,False,False,False,True,False,False,False,False,False,False,False,True,True,False,False
319,319,557,True,True,False,False,True,False,False,True,False,False,False,False,False,False,False,True,True,False,False
320,320,569,True,True,False,False,True,True,False,True,False,False,False,False,False,False,True,False,True,False,False
321,321,608,True,True,False,False,True,True,False,True,True,False,True,False,False,False,False,True,True,False,False
322,322,35,True,True,False,False,True,True,False,True,False,False,False,False,False,False,True,False,True,False,False
323,323,38,True,True,False,False,True,False,False,True,False,False,False,False,False,False,True,False,True,False,False
324,324,113,False,False,False,False,True,False,False,True,False,False,False,False,False,False,True,False,True,False,False
325,325,235,True,True,False,True,True,False,False,True,False,False,False,False,False,False,True,False,True,False,False
326,326,404,True,False,False,False,True,False,False,True,False,False,False,False,False,False,True,False,True,False,False
327,327,455,True,True,False,False,True,True,False,True,False,False,False,False,False,False,True,False,True,False,False
328,328,530,True,True,False,False,True,False,False,True,False,False,False,False,False,False,True,False,True,False,False
329,329,351,False,False,False,False,False,True,False,True,False,False,False,False,False,False,True,False,True,False,False
330,330,606,False,False,False,False,True,False,False,True,False,False,False,False,False,False,True,False,False,False,False
331,331,61,True,False,False,False,False,True,False,True,False,False,False,False,False,False,False,True,True,False,False
332,332,88,True,False,False,False,False,True,False,True,False,False,False,False,False,False,False,False,True,False,False
333,333,187,True,False,False,False,True,True,False,True,False,False,False,False,False,False,False,False,True,False,False
334,334,257,True,True,False,False,True,True,False,True,True,False,False,False,False,False,True,False,True,False,False
335,335,261,True,False,False,False,True,True,False,True,False,False,False,False,False,True,False,True,True,False,False
336,336,289,True,False,False,False,True,True,True,True,True,False,False,False,True,False,True,False,False,True,False
337,337,298,True,True,False,False,True,True,False,True,False,False,False,False,False,False,False,True,True,False,False
338,338,405,True,False,False,False,True,True,False,True,False,False,False,False,False,True,False,True,True,False,False
339,339,413,True,False,False,False,True,True,False,True,False,False,False,False,False,False,True,False,True,False,False
340,340,427,True,False,False,False,True,True,False,True,False,False,False,False,False,True,True,False,True,False,False
341,341,464,True,True,False,False,True,True,False,True,False,False,False,False,False,False,True,True,True,False,False
342,342,585,False,False,False,False,True,True,False,True,False,False,False,False,False,False,False,False,True,False,False
343,343,132,False,False,False,False,True,True,False,True,True,False,False,False,False,False,True,False,True,False,False
344,344,198,True,False,False,False,True,True,False,True,False,False,False,False,False,False,True,True,True,False,False
345,345,227,True,True,False,False,False,True,False,True,False,False,False,False,False,False,False,True,True,False,False
346,346,246,True,True,True,False,True,False,False,True,True,False,False,False,False,False,True,True,True,False,False
347,347,346,False,False,False,False,False,True,False,True,False,False,False,False,False,False,False,False,True,False,False
348,348,412,False,False,False,False,True,True,False,True,False,False,False,False,False,True,True,False,True,False,False
349,349,445,True,True,False,False,True,True,False,True,False,False,False,False,False,False,True,False,True,False,False
350,350,256,True,True,False,True,True,True,False,True,False,False,False,False,False,False,True,True,True,False,False
351,351,295,True,False,False,False,False,True,False,True,False,False,False,False,False,True,False,False,True,False,False
352,352,222,True,False,False,False,True,True,False,True,False,False,False,False,False,False,True,False,True,False,False
353,353,369,True,True,False,False,True,True,False,True,False,False,False,False,False,False,False,True,True,False,False
354,354,495,True,True,False,False,True,True,False,True,False,False,False,False,False,False,False,True,True,False,False
355,355,497,False,False,False,False,False,True,False,True,False,False,False,False,False,False,True,False,True,False,False
356,356,552,True,True,False,False,True,True,False,True,False,False,False,False,False,False,True,True,True,False,False
357,357,565,True,True,False,False,True,True,False,True,False,False,False,False,False,False,True,False,True,False,False
358,358,326,False,False,False,False,False,True,False,True,False,False,False,False,False,False,False,False,True,False,False
359,359,4,False,False,False,False,True,False,False,True,False,False,False,False,False,False,True,False,False,False,False
360,360,115,True,True,True,True,True,False,False,True,False,False,True,False,False,False,False,True,True,False,False
361,361,242,True,True,False,False,True,True,False,True,False,False,False,False,False,False,False,True,True,False,False
362,362,356,True,False,False,False,True,False,False,True,False,False,False,False,False,False,True,False,False,False,False
363,363,429,True,True,False,False,True,False,False,True,False,False,False,False,False,False,True,False,True,False,False
364,364,342,True,True,False,False,True,False,False,True,False,False,False,False,False,False,False,False,True,False,False
365,365,479,False,False,False,False,True,False,False,True,False,False,False,False,False,False,True,False,False,False,False
366,366,108,False,False,False,False,True,False,False,True,False,False,False,False,False,False,True,False,False,False,False
367,367,589,False,False,False,False,True,True,False,True,False,False,False,False,False,False,False,False,True,False,False
368,368,506,False,False,False,False,True,False,False,True,False,False,False,False,False,False,True,False,False,False,False
369,369,253,False,False,False,False,True,False,False,True,False,False,False,False,False,False,False,False,False,False,False
370,370,260,False,False,False,False,True,True,False,True,False,False,False,False,False,False,True,False,True,False,False
371,371,267,True,True,False,False,True,False,False,True,False,False,False,False,False,False,False,True,True,False,False
372,372,268,True,False,False,False,True,True,False,True,False,False,False,False,False,False,False,False,True,False,False
373,373,287,False,True,False,False,True,False,False,True,True,False,False,False,False,False,True,False,False,False,False
374,374,440,False,True,False,False,True,False,False,True,False,False,False,False,False,False,False,True,True,False,False
375,375,576,True,True,False,False,True,False,False,True,True,False,True,False,False,False,False,True,True,False,False
376,376,47,False,False,False,False,False,False,False,True,False,False,False,False,False,False,False,False,False,False,False
377,377,131,True,True,False,False,False,True,False,True,False,False,False,False,False,False,False,True,True,False,False
378,378,203,True,True,False,False,True,True,False,True,True,False,False,False,False,False,False,True,True,False,False
379,379,39,True,True,True,True,True,True,False,True,True,False,True,False,True,False,False,True,True,False,False
380,380,72,True,True,False,False,True,True,False,True,False,False,False,False,False,False,True,True,True,False,False
381,381,80,True,False,False,False,False,True,False,True,False,False,True,False,False,True,False,True,True,False,False
382,382,81,True,True,False,False,False,True,False,True,False,False,False,False,False,False,False,True,True,False,False
383,383,133,True,True,False,False,True,True,False,True,False,False,False,False,False,False,False,False,True,False,False
384,384,146,False,False,False,True,True,True,False,True,True,False,False,False,False,True,True,False,True,False,False
385,385,149,True,True,False,False,False,False,False,False,False,False,False,False,False,False,False,True,True,False,False
386,386,237,True,False,False,False,True,True,False,True,False,False,False,False,False,True,False,True,True,False,False
387,387,259,True,True,False,True,True,False,False,True,True,False,False,False,False,False,True,True,False,False,False
388,388,265,True,True,False,False,True,False,False,True,False,False,False,False,False,False,False,True,True,False,False
389,389,271,False,True,False,False,True,False,False,True,False,False,True,False,False,False,False,True,True,False,False
390,390,303,True,True,False,False,False,False,False,False,False,False,False,False,False,False,False,True,True,False,False
391,391,345,False,False,False,False,True,False,False,True,False,False,True,False,False,False,True,False,False,False,False
392,392,375,True,True,False,False,True,True,False,True,False,False,False,False,False,False,True,False,True,False,False
393,393,377,True,True,False,False,True,False,False,True,True,False,True,False,False,False,False,True,True,False,False
394,394,398,True,True,True,False,True,False,False,True,True,False,False,False,False,False,True,True,False,False,False
395,395,424,False,False,False,False,True,True,False,True,False,False,False,False,False,True,False,False,True,False,False
396,396,449,True,False,False,False,True,True,False,True,False,False,False,False,False,False,False,False,True,True,False
397,397,126,True,True,False,False,True,True,False,True,False,False,False,False,False,False,True,False,True,False,False
398,398,142,True,True,False,False,True,True,False,True,False,False,False,False,False,False,True,False,True,False,False
399,399,379,True,True,False,False,True,True,False,True,False,False,False,False,False,False,True,True,True,False,False
400,400,394,True,True,False,False,True,True,False,True,False,False,False,False,False,False,True,False,True,False,False
401,401,430,True,True,False,False,True,False,False,True,False,False,False,False,False,False,True,True,True,False,False
402,402,507,True,True,False,False,True,True,False,True,False,False,False,False,False,False,True,True,True,True,False
403,403,593,True,True,False,False,True,True,False,True,False,False,False,False,False,False,True,False,False,False,False
404,404,70,False,False,False,False,True,False,False,True,False,False,False,False,False,False,False,False,False,False,False
405,405,12,False,False,False,False,True,False,False,True,False,False,False,False,False,False,True,False,False,False,False
406,406,224,False,False,False,False,True,False,False,True,False,False,False,False,False,False,True,False,False,False,False
407,407,230,True,True,False,False,True,False,False,True,True,False,False,False,False,False,False,True,True,False,False
408,408,370,True,True,False,False,True,True,False,True,True,False,False,False,False,False,True,True,True,False,False
409,409,409,False,False,False,False,True,False,False,True,False,False,False,False,False,False,False,False,False,False,False
410,410,564,False,False,False,False,True,False,False,False,False,False,False,False,False,False,True,False,False,False,False
411,411,583,False,False,False,False,True,False,False,False,False,False,False,False,False,False,True,False,False,False,False
412,412,311,True,True,False,False,True,False,False,True,False,False,False,False,False,False,True,True,True,False,False
413,413,9,True,True,False,False,True,True,False,True,False,False,False,False,False,False,False,False,True,False,False
414,414,467,True,False,False,False,False,False,False,True,False,False,False,False,False,False,True,False,False,True,False
415,415,250,False,False,False,False,True,False,False,True,False,False,False,False,False,False,True,False,True,False,False
416,416,316,True,False,False,False,True,True,False,True,True,False,True,False,False,False,False,False,True,False,False
417,417,502,False,True,False,False,True,True,False,True,False,False,True,False,True,False,False,True,True,False,False
418,418,536,True,True,False,False,True,False,False,True,False,False,False,False,False,False,False,False,True,False,False
419,419,13,True,True,False,False,True,False,False,True,False,False,True,False,False,False,True,True,True,False,False
420,420,15,True,True,True,False,True,False,False,True,False,False,False,False,False,False,False,True,True,False,False
421,421,16,True,True,False,False,True,True,False,True,True,False,False,False,False,False,False,True,True,False,False
422,422,41,False,False,False,False,True,True,False,True,False,False,False,False,False,False,True,False,True,False,False
423,423,76,True,True,False,False,True,True,False,True,False,False,True,False,False,True,False,True,True,False,False
424,424,110,True,False,False,False,True,True,False,True,False,False,False,False,False,False,False,False,True,False,False
425,425,123,True,True,False,False,False,True,False,True,False,False,False,False,False,False,False,True,True,False,False
426,426,129,True,True,False,False,True,False,False,True,True,False,False,False,False,False,True,True,True,False,False
427,427,152,True,False,False,False,True,True,False,True,False,False,False,False,False,False,False,False,True,False,False
428,428,204,True,False,True,False,True,True,False,True,False,False,False,False,False,False,False,False,True,False,False
429,429,241,False,False,False,False,False,False,False,True,False,False,False,False,False,False,True,False,True,False,False
430,430,251,True,False,False,False,True,True,False,True,False,False,False,False,False,False,False,False,True,False,False
431,431,352,True,True,False,False,True,True,False,True,True,False,False,False,False,True,False,True,True,False,False
432,432,403,True,True,False,False,True,True,False,True,False,False,False,False,False,False,False,False,True,False,False
433,433,415,True,False,False,False,True,True,False,True,False,False,False,False,False,False,True,False,True,False,False
434,434,417,True,True,False,False,False,True,False,True,False,False,False,False,False,True,False,True,True,False,False
435,435,433,True,False,False,False,True,True,False,True,False,False,False,False,False,True,False,False,True,False,False
436,436,505,True,False,False,True,True,False,False,True,True,False,True,False,False,False,False,True,True,False,False
437,437,540,True,True,False,False,True,True,False,True,False,False,False,False,False,False,False,True,True,False,False
438,438,542,True,True,False,True,True,True,False,True,False,False,False,False,False,False,True,True,True,False,False
439,439,551,True,True,False,False,False,True,False,True,False,False,False,False,False,False,False,True,True,False,False
440,440,574,True,True,False,False,True,True,False,True,False,False,False,False,False,False,True,True,True,False,False
441,441,48,True,True,False,False,True,False,False,True,False,False,False,False,False,False,False,True,True,False,False
442,442,60,False,True,False,True,False,True,False,True,False,False,False,False,False,False,True,False,True,False,False
443,443,371,True,True,True,False,True,False,False,True,True,False,False,False,False,False,True,True,True,False,False
444,444,435,True,True,False,False,True,True,False,True,False,False,False,False,False,False,False,True,True,False,False
445,445,563,False,False,False,False,True,False,False,True,False,False,False,False,False,False,True,False,False,False,False
446,446,29,True,True,False,False,False,True,False,True,False,False,False,False,False,False,False,True,True,True,False
447,447,69,True,True,False,False,True,True,False,True,False,False,False,False,False,False,False,True,True,False,False
448,448,197,True,False,False,False,True,True,False,True,False,False,False,False,False,False,True,True,True,False,False
449,449,211,True,True,False,False,True,True,False,True,False,False,False,False,False,False,False,True,True,False,False
450,450,215,True,False,False,False,True,True,False,True,False,False,False,False,False,False,True,False,True,False,False
451,451,228,True,True,False,False,False,False,False,True,False,False,True,False,False,False,False,True,True,False,False
452,452,278,False,False,False,False,True,True,False,True,False,False,False,False,False,True,False,False,True,False,False
453,453,296,True,True,False,False,False,True,False,True,False,False,False,False,False,False,False,False,True,True,False
454,454,309,False,False,False,False,False,False,False,True,False,False,False,False,False,False,False,False,False,False,False
455,455,327,False,False,False,False,True,True,False,True,False,False,False,False,False,False,True,False,False,False,False
456,456,335,True,False,False,False,True,True,False,True,False,False,False,False,False,False,True,True,True,False,False
457,457,338,True,False,False,False,False,True,False,True,False,False,False,False,False,False,False,False,True,False,False
458,458,343,True,True,False,False,True,True,False,True,False,False,False,False,False,False,False,False,True,False,False
459,459,348,True,True,False,False,True,True,False,True,False,False,False,False,False,False,False,False,True,False,False
460,460,363,True,True,False,False,True,True,False,True,False,False,False,False,False,False,True,False,True,False,False
461,461,418,False,True,False,False,True,True,False,True,False,False,False,False,False,False,False,False,True,False,False
462,462,472,False,True,False,False,True,True,False,True,True,False,False,False,False,False,False,False,True,False,False
463,463,510,True,True,False,False,True,True,False,True,False,False,False,False,False,False,True,False,True,False,False
464,464,515,True,True,False,False,False,True,False,True,False,False,False,False,False,False,False,True,True,True,False
465,465,568,False,False,False,False,True,False,False,True,False,False,False,False,False,False,False,False,True,False,False
466,466,595,True,True,False,False,True,True,False,True,True,False,False,False,False,False,True,True,True,False,False
467,467,85,False,False,False,False,False,False,False,True,False,False,False,False,False,False,False,False,False,False,False
468,468,74,False,False,False,False,False,False,False,True,False,False,False,False,False,False,False,False,False,False,False
469,469,310,True,True,False,False,True,False,False,True,False,False,False,False,False,False,True,False,False,False,False
470,470,87,False,True,False,True,True,False,False,True,True,False,False,False,False,False,False,True,False,False,False
471,471,355,True,True,False,False,True,False,False,True,True,False,False,False,False,False,True,True,False,False,False
472,472,384,False,True,False,False,True,True,False,True,False,False,False,False,False,False,True,False,True,False,False
473,473,196,True,True,False,False,False,True,False,True,False,False,False,False,False,False,False,True,True,False,False
474,474,539,True,True,True,True,True,False,False,True,True,False,False,False,False,False,False,False,False,False,False
475,475,225,False,False,False,False,True,False,False,False,False,False,True,False,False,False,False,False,False,False,False
476,476,428,True,True,False,False,True,True,False,True,True,False,False,False,False,False,False,True,True,False,False
477,477,548,True,True,False,False,True,True,False,True,False,False,False,False,False,False,False,True,True,False,False
478,478,546,True,True,False,False,True,False,False,True,False,False,True,False,False,False,False,True,True,False,False
479,479,421,False,False,False,False,False,False,False,True,False,False,False,False,False,False,False,False,False,False,False
480,480,454,False,False,False,False,True,True,False,True,False,False,True,False,False,True,False,False,True,False,False
481,481,558,True,True,False,False,True,True,False,True,True,False,False,False,False,False,True,False,True,False,False
482,482,465,True,True,False,False,False,True,False,True,False,False,False,False,False,True,False,True,True,True,False
483,483,207,True,True,False,False,True,False,False,True,True,False,True,False,False,False,False,True,True,False,False
484,484,365,True,True,False,False,True,False,False,True,False,False,False,False,False,False,False,False,False,False,False
485,485,423,True,True,False,False,True,True,False,True,False,False,False,False,False,False,False,True,True,False,False
486,486,22,True,False,False,False,True,True,False,True,False,False,False,False,False,False,False,False,True,False,False
487,487,92,True,True,True,True,True,False,False,True,True,False,True,False,True,False,True,True,True,False,False
488,488,30,True,True,False,False,False,False,False,False,False,False,False,True,False,False,False,True,False,False,False
489,489,49,True,True,True,True,True,True,False,True,False,False,False,True,False,False,False,True,True,True,False
490,490,83,True,True,False,False,False,False,False,True,False,False,False,False,False,False,False,True,True,True,False
491,491,128,True,True,False,False,True,True,False,True,False,False,False,False,False,True,True,False,True,False,False
492,492,164,True,True,False,False,False,False,False,False,False,False,False,False,False,False,False,True,True,False,False
493,493,165,True,True,False,False,True,True,False,True,False,False,False,False,False,False,True,False,True,False,False
494,494,183,True,True,False,False,False,False,False,True,False,False,False,False,False,False,False,False,True,False,False
495,495,208,True,True,False,False,False,False,False,True,False,False,False,False,False,False,False,True,True,False,False
496,496,319,True,True,True,True,True,True,False,True,True,False,False,True,False,False,True,True,False,False,False
497,497,344,True,True,False,False,True,False,False,True,False,False,False,False,False,False,True,True,True,False,False
498,498,366,True,True,False,False,False,True,False,True,False,False,False,True,False,False,False,False,True,False,False
499,499,374,True,True,False,False,True,True,False,True,False,False,True,False,False,False,False,True,True,False,False
500,500,390,False,False,False,False,True,False,False,True,False,False,False,False,False,False,True,False,False,False,False
501,501,393,True,True,False,False,False,True,False,True,False,False,False,True,False,False,False,True,True,False,False
502,502,439,True,True,True,True,True,False,False,True,True,False,False,False,False,False,False,True,True,True,False
503,503,450,True,True,False,False,True,False,False,True,False,False,False,False,False,False,False,True,True,False,False
504,504,457,True,True,False,False,True,False,False,True,False,False,False,False,False,False,False,True,True,False,False
505,505,463,True,True,False,False,True,False,False,True,False,False,False,False,False,False,True,False,True,True,False
506,506,494,True,True,False,False,False,False,False,True,False,False,False,False,False,False,False,True,False,False,False
507,507,528,True,False,False,False,True,True,False,True,False,False,False,False,False,False,False,False,True,False,False
508,508,549,True,True,False,False,False,True,False,True,False,False,False,False,False,False,False,True,True,False,False
509,509,168,False,False,False,False,True,True,False,True,False,False,False,False,False,False,False,False,True,False,False
510,510,285,False,False,False,False,True,True,False,True,False,False,False,False,False,False,False,False,True,False,False
511,511,397,False,False,False,False,True,True,False,True,False,False,False,False,False,True,True,False,True,False,False
512,512,406,True,False,False,False,True,False,False,True,True,False,False,False,False,False,True,False,False,False,False
513,513,543,True,False,False,False,True,True,False,True,False,False,False,False,False,False,True,False,False,False,False
514,514,503,False,False,False,False,True,True,False,True,False,False,False,False,False,False,False,False,True,False,False
515,515,37,True,True,False,False,True,True,False,True,False,False,False,False,False,False,False,True,True,False,False
516,516,52,True,True,False,False,True,True,False,True,False,False,False,False,False,False,False,True,True,False,False
517,517,383,False,False,False,False,True,False,False,True,False,False,False,False,False,False,True,False,False,False,False
518,518,210,True,True,False,False,False,False,False,True,True,False,False,False,False,False,False,True,False,False,False
519,519,315,False,True,False,False,True,False,False,True,False,False,False,False,False,False,True,False,False,False,False
520,520,538,False,True,True,True,True,False,False,True,True,False,False,False,True,False,True,False,False,False,False
521,521,245,False,False,True,True,True,True,True,True,False,False,False,False,False,False,True,False,False,False,False
522,522,194,True,True,False,False,True,True,False,True,False,False,False,False,False,False,True,False,True,True,False
523,523,238,True,False,False,False,True,True,False,True,False,False,False,False,False,False,False,False,True,True,False
524,524,431,True,False,False,False,True,True,False,True,False,False,False,False,False,True,True,False,True,False,False
525,525,75,True,True,False,False,True,True,False,True,False,False,False,False,False,True,True,True,True,False,False
526,526,554,False,False,False,True,True,False,False,True,False,False,False,False,True,False,True,False,False,False,False
527,527,461,False,False,False,False,True,True,False,True,False,False,False,False,False,False,True,False,False,False,False
528,528,158,True,True,False,False,True,True,False,True,False,False,True,False,False,False,False,True,True,False,False
529,529,53,True,False,False,False,True,False,False,True,False,False,False,False,False,False,True,False,True,False,False
530,530,526,False,False,False,False,True,False,False,True,False,False,False,False,False,False,False,False,False,False,False
531,531,138,True,True,True,True,True,False,False,True,False,False,False,False,False,False,True,False,False,False,False
532,532,101,True,True,False,False,True,True,False,True,False,False,False,False,False,False,False,True,True,False,False
533,533,591,True,True,False,False,True,False,False,True,False,False,False,False,False,False,True,True,True,False,False
534,534,25,True,True,False,False,False,False,False,True,False,False,False,False,False,False,False,True,False,False,False
535,535,416,False,False,False,False,True,True,False,True,False,False,False,False,False,False,True,False,False,False,False
536,536,281,True,True,False,False,True,False,False,True,False,False,False,False,False,False,True,False,False,False,False
537,537,571,False,False,False,False,False,False,False,False,False,False,True,False,False,False,False,False,True,False,False
538,538,77,True,True,False,False,False,False,False,False,True,False,False,True,False,False,False,True,False,False,False
539,539,114,True,True,False,False,True,False,False,True,True,False,False,True,False,False,False,True,False,False,False
540,540,139,True,True,False,False,True,False,False,True,True,False,False,True,False,False,False,True,True,False,False
541,541,180,True,True,False,False,True,False,False,True,True,False,False,False,False,False,False,True,True,False,False
542,542,193,True,True,False,False,True,True,False,True,False,False,False,False,False,False,False,False,True,False,False
543,543,205,True,True,False,False,False,False,False,True,True,False,False,True,False,False,False,False,True,False,False
544,544,231,True,True,False,False,False,True,False,True,False,False,False,False,False,False,False,True,True,False,False
545,545,407,True,True,False,False,False,True,False,True,True,False,False,False,False,False,False,True,True,False,False
546,546,459,True,True,True,True,False,False,False,True,False,False,False,True,False,False,False,True,True,False,False
547,547,487,True,True,True,False,True,False,False,True,True,False,False,False,False,False,True,True,True,False,False
548,548,516,True,True,False,False,True,True,False,True,False,False,False,False,False,False,True,False,False,True,False
549,549,582,True,True,False,False,False,False,False,True,True,False,False,True,False,False,False,True,True,False,False
550,550,473,False,False,False,False,True,False,False,True,False,False,False,False,False,False,True,False,True,False,False
551,551,127,False,False,False,False,True,False,False,True,False,False,False,False,False,True,False,False,True,False,False
552,552,172,True,True,False,False,True,True,False,True,True,False,True,False,False,False,False,True,True,True,False
553,553,67,True,True,False,False,True,True,False,True,False,False,False,False,False,False,False,True,True,False,False
554,554,212,True,True,True,False,True,True,False,True,True,False,False,False,False,False,False,True,True,False,False
555,555,118,False,False,False,False,True,True,False,True,False,False,False,False,False,False,False,False,True,False,False
556,556,153,False,False,False,False,True,False,False,True,False,False,False,False,False,False,True,False,False,False,False
557,557,575,False,False,False,False,True,False,False,True,False,False,False,False,False,False,True,False,True,False,False
558,558,491,False,False,False,False,True,False,False,True,False,False,False,False,False,False,True,False,False,False,False
559,559,2,True,False,False,False,True,True,False,True,False,False,False,False,False,False,False,False,True,False,False
560,560,36,True,True,False,False,True,True,False,True,False,False,False,False,False,True,True,False,True,False,False
561,561,65,True,False,False,False,False,True,False,True,False,False,False,False,False,False,False,True,True,False,False
562,562,106,True,True,False,False,False,False,False,True,True,False,False,True,False,False,False,False,False,False,False
563,563,189,True,True,False,False,False,True,False,True,True,False,False,True,False,False,False,False,True,False,False
564,564,190,True,True,False,False,True,True,False,True,True,False,False,False,False,True,True,False,True,False,False
565,565,209,True,True,False,False,False,True,False,True,False,False,False,False,False,False,False,False,True,False,False
566,566,258,True,True,True,False,False,True,False,True,True,False,False,False,False,False,True,True,True,False,False
567,567,272,True,True,False,False,True,True,False,True,False,False,False,True,False,False,False,True,True,False,False
568,568,300,False,False,False,False,False,False,False,True,False,False,False,False,False,False,False,False,True,False,False
569,569,466,True,True,False,False,True,True,False,True,True,False,False,True,False,False,False,True,True,False,False
570,570,511,True,True,False,False,False,False,False,True,False,False,False,False,False,False,False,True,True,False,False
571,571,519,True,False,False,False,True,True,False,True,False,False,False,False,False,False,True,False,False,False,False
572,572,537,True,True,False,False,True,True,False,True,True,False,False,True,False,False,False,False,True,False,False
573,573,581,False,True,False,False,False,False,False,True,True,False,False,False,False,False,True,True,True,False,False
574,574,333,True,False,False,False,True,False,False,True,False,False,False,False,False,False,True,False,False,False,False
575,575,255,False,False,False,False,True,False,False,False,False,False,False,False,False,False,False,False,False,False,False
576,576,218,True,True,False,False,True,True,False,True,False,False,False,False,False,False,True,True,True,True,False
577,577,478,True,True,True,True,True,False,False,True,True,False,False,False,True,False,True,True,False,False,False
578,578,10,True,True,False,False,True,False,False,True,False,False,False,False,False,False,True,False,False,False,False
579,579,143,False,False,False,False,True,False,False,False,False,False,False,False,False,False,True,False,False,False,False
580,580,148,True,True,True,True,True,False,False,True,True,False,False,True,False,False,True,True,False,False,False
581,581,154,True,True,True,True,True,False,False,False,True,False,False,True,False,False,False,True,False,False,False
582,582,97,True,True,False,False,True,False,False,True,False,False,False,False,False,False,False,True,True,False,False
583,583,518,True,True,False,False,True,True,False,True,False,False,True,False,False,True,True,True,True,False,False
584,584,157,True,True,False,True,True,True,False,True,False,False,False,False,False,False,False,False,True,False,False
585,585,175,False,False,False,False,True,False,False,True,False,False,False,False,False,False,True,False,False,False,False
586,586,392,True,True,False,False,True,False,False,True,True,False,False,False,False,False,True,False,True,False,False
587,587,547,False,False,False,False,True,False,False,True,False,False,False,False,False,False,True,False,True,False,False
588,588,556,True,True,False,False,False,False,False,False,True,False,False,True,False,False,False,False,False,False,False
589,589,358,False,False,False,False,True,False,False,True,False,False,False,False,False,False,True,False,False,False,False
590,590,324,True,True,False,False,True,True,False,True,False,False,False,False,False,False,True,False,True,False,False
591,591,578,False,False,False,False,True,False,False,True,False,False,False,False,False,False,True,False,False,False,False
592,592,545,True,False,False,False,True,True,False,True,False,False,False,False,False,True,False,True,True,False,False
593,593,329,False,False,False,False,True,True,False,True,False,False,False,False,False,False,False,False,True,False,False
594,594,3,True,True,False,False,False,False,False,False,False,False,True,False,False,False,False,True,True,False,False
595,595,496,True,True,False,False,True,False,False,True,True,False,False,False,False,False,True,True,False,False,False
596,596,481,True,False,False,False,False,True,False,True,False,False,False,False,False,True,True,True,True,False,False
597,597,320,True,True,True,False,True,False,False,False,False,False,False,False,False,False,False,True,False,False,False
598,598,388,False,True,True,True,True,False,False,False,True,False,False,False,False,False,False,False,False,False,False
599,599,499,True,True,False,False,True,False,False,True,True,False,True,False,True,False,False,False,True,False,True
600,600,236,False,False,False,False,True,False,False,True,False,False,True,False,False,False,False,False,True,False,False
601,601,508,False,True,False,False,True,False,False,True,False,False,False,False,False,False,False,True,False,True,True
602,602,55,True,False,False,False,True,True,False,True,False,False,False,False,False,False,False,False,True,False,False
603,603,163,False,False,False,False,True,False,False,True,False,False,False,False,False,True,True,False,True,False,False
604,604,360,True,False,False,False,True,True,False,True,False,False,False,False,False,True,False,False,True,False,False
605,605,535,False,False,False,False,True,False,False,True,False,False,False,False,False,False,True,False,False,False,False
606,606,184,True,True,True,False,True,False,False,True,True,False,False,False,False,False,False,True,True,False,False
607,607,306,True,True,True,True,True,False,False,False,False,False,False,False,False,False,True,False,False,False,False
608,608,598,True,True,False,False,True,True,False,True,False,False,False,False,False,False,True,True,True,False,False
